0,
1,
2,
1,3,
4,
5,
6,
3,7,
8,
9,
10,
11,
11,12,
11,13,
14,
0,11,14,15,
15,16,
6,17,
15,18,
16,19,
16,20,
21,
21,22,
23,
23,24,
25,
26,
26,27,
28,
29,
29,30,
31,
32,
32,33,
34,
35,
36,
37,
37,38,
38,39,
40,
41,
42,
43,
44,
0,45,
40,46,
47,
48,
48,49,
50,
2,51,
52,
53,
54,
55,
15,56,
57,
57,58,
57,59,
60,
61,
62,
62,63,
64,
64,65,
66,
67,
66,68,
66,67,69,
66,69,70,
67,69,71,
67,72,
70,73,
70,74,
70,75,
76,
76,77,
78,
78,79,
80,
50,81,
82,
56,83,
27,84,
85,
86,
84,85,86,87,
62,88,
89,
70,89,90,
91,
90,92,
90,93,
90,91,94,
94,95,
96,
97,
25,98,
99,
100,
43,100,101,
102,
103,
103,104,
105,
106,
107,
108,
109,
110,
108,109,110,111,
112,
48,113,
4,113,114,
84,115,
115,116,
117,
116,118,
3,119,
120,
121,
77,111,120,121,122,
55,117,123,
124,
124,125,
126,
127,
126,128,
129,
130,
131,
132,
133,
134,
135,
136,
137,
138,
21,22,134,139,
129,130,131,135,136,140,
69,132,135,136,141,
133,141,142,
135,143,
136,144,
145,
36,79,138,146,
147,
148,
5,97,148,149,
150,
151,
46,150,151,152,
150,151,153,
22,150,151,154,
97,155,
24,155,156,
3,99,157,
158,
158,159,
160,
53,161,
162,
163,
6,164,
165,
162,163,166,
167,
167,168,
24,169,
170,
41,170,171,
27,83,172,
44,173,
42,173,174,
175,
176,
101,177,
111,122,178,
179,
179,180,
30,181,
145,158,182,
182,183,
182,184,
2,30,185,
76,121,186,
187,
188,
62,188,189,
103,107,190,
190,191,
191,192,
191,193,
190,194,
190,195,
22,196,
187,197,
137,198,
199,
197,200,
172,201,
44,152,202,
203,
9,47,203,204,
203,205,
203,206,
204,207,
207,208,
209,
209,210,
71,187,211,
71,212,
67,78,213,
214,
215,
148,215,216,
215,217,
215,218,
99,219,
220,
34,221,
222,
55,98,223,
127,224,
126,176,224,225,
226,
226,227,
228,
228,229,
163,230,
231,
101,180,231,232,
231,233,
218,231,234,
86,235,
236,
49,237,
32,238,
221,239,
154,240,
142,241,
242,
242,243,
145,244,
106,162,245,
201,246,
158,182,247,
247,248,
248,249,
248,250,
79,251,
45,252,
253,
105,254,
252,253,254,255,
103,256,
241,257,
257,258,
257,259,
257,260,
36,261,
103,112,262,
44,76,121,263,
77,122,263,264,
256,265,
0,266,
267,
54,267,268,
269,
47,52,219,270,
270,271,
271,272,
271,273,
84,274,
275,
9,216,276,
206,277,
277,278,
199,279,
16,38,279,280,
224,281,
47,204,282,
283,
44,46,113,173,283,284,
43,101,216,285,
81,283,286,
283,287,
284,285,288,
284,285,289,
288,290,
289,291,
292,
237,292,293,
294,
295,
121,202,295,296,
111,295,297,
295,298,
236,244,299,
235,300,
300,301,
301,302,
300,303,
303,304,
47,102,300,305,
28,306,
236,307,
242,308,
52,270,300,305,309,
69,310,
311,
312,
313,
229,275,314,
28,315,
309,310,311,316,
309,310,312,317,
309,310,313,318,
69,310,319,
319,320,
238,321,
300,321,322,
323,
35,169,323,324,
88,96,325,
326,
40,41,326,327,
240,328,
329,
49,329,330,
60,331,
246,332,
16,106,333,
331,334,
256,262,335,
112,336,
337,
145,338,
137,177,322,339,
165,340,
338,341,
336,342,
168,343,
222,274,344,
117,118,345,
58,345,346,
344,347,
345,348,
344,349,
345,350,
344,351,
70,344,345,352,
114,353,
79,161,354,
355,
204,356,
356,357,
356,358,
357,359,
356,360,
357,361,
54,251,362,
198,363,
364,
365,
6,220,365,366,
367,
159,204,367,368,
367,369,
90,367,370,
269,299,368,371,
307,368,372,
190,373,
274,345,374,
31,366,375,
58,223,224,270,376,
112,262,377,
378,
107,190,378,379,
378,380,
381,
378,382,
379,381,383,
125,254,355,384,
89,230,385,
82,91,386,
158,387,
387,388,
214,389,
99,309,390,
158,332,372,391,
79,392,
62,275,337,393,
351,376,394,
80,328,395,
51,149,396,
37,222,397,
159,235,356,398,
168,399,
189,320,400,
256,401,
352,401,402,
269,391,403,
404,
53,404,405,
222,266,274,406,
373,407,
50,308,408,
160,409,
410,
10,410,411,
40,412,
413,
413,414,
112,190,342,413,415,
39,163,380,413,416,
60,409,417,
35,293,418,
227,353,419,
78,420,
8,96,239,268,420,421,
82,165,340,422,
419,423,
25,424,
6,366,425,
256,407,426,
64,315,427,
3,102,119,216,300,428,
380,429,
241,257,277,428,429,430,
3,276,431,
5,432,
147,306,334,433,
322,420,434,
10,64,221,229,434,435,
79,411,433,436,
61,127,364,437,
389,392,438,
71,214,439,
440,
49,399,440,441,
147,261,442,
31,212,443,
444,
444,445,
294,444,446,
447,
219,444,448,
445,447,449,
448,450,
448,451,
448,452,
84,223,453,
48,445,446,453,454,
296,455,
80,210,395,455,456,
455,457,
456,458,
456,459,
456,460,
456,461,
456,462,
71,175,220,463,
196,210,395,464,
257,465,
465,466,
467,
468,
163,469,
469,470,
467,470,471,
141,230,468,472,
472,473,
472,474,
472,475,
472,476,
141,467,468,477,
277,478,
241,465,479,
466,479,480,
480,481,
479,480,482,
482,483,
482,484,
480,481,485,
141,486,
487,
488,
487,488,489,
488,490,
489,491,
301,487,492,
303,487,493,
